{"cameraMode":{"drawMode":1,"name":"Wireframe","section":"Shading Mode"},"sceneLighting":true,"audioPlay":false,"sceneViewState":{"m_AlwaysRefresh":false,"showFog":true,"showSkybox":true,"showFlares":true,"showImageEffects":true,"showParticleSystems":true,"showVisualEffectGraphs":true,"m_FxEnabled":true},"in2DMode":false,"pivot":{"x":0.8832537531852722,"y":-1.221841812133789,"z":-10.902507781982422},"rotation":{"x":-0.18520082533359528,"y":-0.018574312329292299,"z":0.0035013759043067695,"w":-0.9825215339660645},"size":5.08595085144043,"orthographic":false}